{"accuracy": [0.2642737925052643, 0.49315527081489563, 0.6010016798973083, 0.6712854504585266, 0.7203672528266907, 0.7651085257530212, 0.8038397431373596, 0.8262103796005249, 0.8561769723892212, 0.879382312297821, 0.89590984582901, 0.9050083756446838, 0.9238731265068054, 0.9289649128913879, 0.9390650987625122, 0.9484140276908875, 0.9496660828590393, 0.9577629566192627, 0.9621034860610962, 0.9669449329376221, 0.9752921462059021, 0.9632720947265625, 0.9737061858177185, 0.9758764505386353, 0.9752086997032166, 0.9747913479804993, 0.985308825969696, 0.9789649248123169, 0.9842237234115601, 0.9783806204795837], "loss": [1.9942514896392822, 1.4199578762054443, 1.151001214981079, 0.9637561440467834, 0.8210196495056152, 0.6995681524276733, 0.6019741892814636, 0.5194994807243347, 0.4364100396633148, 0.3653012216091156, 0.31347420811653137, 0.279945433139801, 0.23138360679149628, 0.20407754182815552, 0.18182609975337982, 0.15831808745861053, 0.15440887212753296, 0.12344333529472351, 0.1144309863448143, 0.10213043540716171, 0.07373959571123123, 0.11280973255634308, 0.08252350240945816, 0.07648293673992157, 0.07202442735433578, 0.08202661573886871, 0.04598487913608551, 0.06448481976985931, 0.05181830748915672, 0.06501634418964386], "val_accuracy": [0.4323873221874237, 0.5939899682998657, 0.639398992061615, 0.7038397192955017, 0.7278798222541809, 0.7729549407958984, 0.7893155217170715, 0.7863104939460754, 0.8076794743537903, 0.8323873281478882, 0.8223705887794495, 0.8474123477935791, 0.8604340553283691, 0.8814691305160522, 0.86711186170578, 0.8791319131851196, 0.8657763004302979, 0.8754590749740601, 0.8931552767753601, 0.8898163437843323, 0.8631051778793335, 0.8938230276107788, 0.885141909122467, 0.9021703004837036, 0.9058430790901184, 0.9061769843101501, 0.9005008339881897, 0.8517529368400574, 0.9028380513191223, 0.9038397073745728], "val_loss": [1.5646876096725464, 1.1899652481079102, 1.0533666610717773, 0.8745889663696289, 0.8239632248878479, 0.6801921129226685, 0.6431507468223572, 0.6729959845542908, 0.6170390844345093, 0.5143383741378784, 0.5612010359764099, 0.536618709564209, 0.4669644832611084, 0.40225768089294434, 0.49593818187713623, 0.42454424500465393, 0.4529638886451721, 0.41274622082710266, 0.3898164927959442, 0.47131869196891785, 0.5251330733299255, 0.43345385789871216, 0.4773053526878357, 0.39434927701950073, 0.3548133075237274, 0.3905055820941925, 0.4402714967727661, 0.6473696827888489, 0.38901466131210327, 0.35327768325805664]}